Food_ID,Name,C_Type,Veg_Non,Describe,Health_Issue,Climate,Restaurant,Rating,Protein,Calories,Carbs
1,Grilled Salmon Salad,Healthy Food,non-veg,Description of food item,Diabetes,winter,Energy Bites,4.2,27.1,469,25.8
2,Grilled Salmon Salad,Healthy Food,veg,Description of food item,Diabetes,winter,Ocean Breeze,3.6,6.1,435,70.8
3,Quinoa Veggie Bowl,Healthy Food,non-veg,Description of food item,Diabetes,winter,Energy Bites,4.6,6.7,498,14.1
4,Stir-Fried Tofu,Healthy Food,veg,Description of food item,Diabetes,summer,Urban Plates,4.1,15.7,336,43.2
5,Avocado Chicken Wrap,Healthy Food,non-veg,Description of food item,Diabetes,summer,Spice House,4.5,5.9,132,20.1
6,Quinoa Veggie Bowl,Healthy Food,veg,Description of food item,Diabetes,summer,Spice House,5,16.5,172,71.6
7,Avocado Chicken Wrap,Healthy Food,non-veg,Description of food item,Diabetes,rainy,Fresh Greens,4.3,4,477,71.8
8,Stir-Fried Tofu,Healthy Food,veg,Description of food item,Diabetes,rainy,Urban Plates,4.2,8.9,214,53.2
9,Low-Carb Cauliflower Rice,Healthy Food,non-veg,Description of food item,Diabetes,rainy,Healthy Greens,4.6,3.2,355,42.8
10,Avocado Chicken Wrap,Healthy Food,veg,Description of food item,Diabetes,summer,Home Kitchen,4.8,6,442,10.5
11,Kale and Lentil Soup,Healthy Food,non-veg,Description of food item,Heart Health,winter,Vital Cafe,3.7,13.8,233,11.2
12,Grilled Tuna,Healthy Food,veg,Description of food item,Heart Health,rainy,Ocean Breeze,4.9,28.7,357,61.8
13,Berry Spinach Smoothie,Healthy Food,non-veg,Description of food item,Heart Health,summer,Ocean Breeze,4.1,8.3,417,17
14,Walnut-Crusted Salmon,Healthy Food,veg,Description of food item,Heart Health,winter,Vital Cafe,3.9,16.8,152,43.9
15,Roasted Beet Salad,Healthy Food,non-veg,Description of food item,Heart Health,summer,Fruit Bar,3.8,14.7,423,17.6
16,Kale and Lentil Soup,Healthy Food,veg,Description of food item,Heart Health,summer,Ocean Breeze,3.8,11.6,228,62.1
17,Berry Spinach Smoothie,Healthy Food,non-veg,Description of food item,Heart Health,summer,Fruit Bar,4.3,15.3,283,59.1
18,Walnut-Crusted Salmon,Healthy Food,veg,Description of food item,Heart Health,winter,Fruit Bar,4.1,15.4,276,42.7
19,Roasted Beet Salad,Healthy Food,non-veg,Description of food item,Heart Health,summer,Fresh Greens,4,23.3,357,13.2
20,Berry Spinach Smoothie,Healthy Food,veg,Description of food item,Heart Health,summer,Energy Bites,4.2,16.5,436,73.2
21,Sautéed Spinach,Healthy Food,non-veg,Description of food item,Obesity,summer,Energy Bites,4.7,21.9,465,47.8
22,Mixed Bean Salad,Healthy Food,veg,Description of food item,Obesity,summer,Spice House,4.5,18.1,232,62.8
23,Sautéed Spinach,Healthy Food,non-veg,Description of food item,Obesity,winter,Ocean Breeze,3.6,15.7,375,74.2
24,Sautéed Spinach,Healthy Food,veg,Description of food item,Obesity,winter,Fresh Greens,4.3,29.8,371,42.2
25,Sautéed Spinach,Healthy Food,non-veg,Description of food item,Obesity,winter,Fresh Greens,4.9,11.8,317,77.7
26,Greek Yogurt with Berries,Healthy Food,veg,Description of food item,Obesity,summer,Spice House,4.9,24.2,497,58.4
27,Mixed Bean Salad,Healthy Food,non-veg,Description of food item,Obesity,rainy,Vital Cafe,4.9,4.8,112,69.3
28,Greek Yogurt with Berries,Healthy Food,veg,Description of food item,Obesity,winter,Ocean Breeze,3.8,17.6,282,32.2
29,Sautéed Spinach,Healthy Food,non-veg,Description of food item,Obesity,summer,Home Kitchen,3.7,20.7,120,79.3
30,Mixed Bean Salad,Healthy Food,veg,Description of food item,Obesity,rainy,Urban Plates,4.2,9.4,430,31.4
31,Grilled Salmon Salad,Healthy Food,non-veg,Description of food item,Hypertension,summer,Urban Plates,4,23.7,209,11
32,Grilled Salmon Salad,Healthy Food,veg,Description of food item,Hypertension,winter,Ocean Breeze,4.9,22.6,391,68.8
33,Quinoa Veggie Bowl,Healthy Food,non-veg,Description of food item,Hypertension,rainy,Fresh Greens,4.8,7,212,21
34,Stir-Fried Tofu,Healthy Food,veg,Description of food item,Hypertension,rainy,Ocean Breeze,4.7,16.4,378,61.5
35,Avocado Chicken Wrap,Healthy Food,non-veg,Description of food item,Hypertension,winter,Energy Bites,3.5,12.6,286,77.8
36,Quinoa Veggie Bowl,Healthy Food,veg,Description of food item,Hypertension,summer,Fresh Greens,4.4,26.9,419,24.3
37,Avocado Chicken Wrap,Healthy Food,non-veg,Description of food item,Hypertension,summer,Ocean Breeze,4.6,6.2,195,74.9
38,Stir-Fried Tofu,Healthy Food,veg,Description of food item,Hypertension,winter,Ocean Breeze,4.7,9.9,160,69.5
39,Low-Carb Cauliflower Rice,Healthy Food,non-veg,Description of food item,Hypertension,rainy,Urban Plates,4.8,8.6,309,30.2
40,Avocado Chicken Wrap,Healthy Food,veg,Description of food item,Hypertension,summer,Healthy Greens,4.5,10.8,111,27.1
41,Kale and Lentil Soup,Healthy Food,non-veg,Description of food item,Anemia,summer,Green Table,4.7,29.4,418,16.2
42,Grilled Tuna,Healthy Food,veg,Description of food item,Anemia,winter,Healthy Greens,4.7,24.6,463,78.3
43,Berry Spinach Smoothie,Healthy Food,non-veg,Description of food item,Anemia,summer,Fruit Bar,4,17.3,151,33.8
44,Walnut-Crusted Salmon,Healthy Food,veg,Description of food item,Anemia,rainy,Home Kitchen,3.6,8.1,493,77.9
45,Roasted Beet Salad,Healthy Food,non-veg,Description of food item,Anemia,rainy,Home Kitchen,3.9,15.8,340,41.3
46,Kale and Lentil Soup,Healthy Food,veg,Description of food item,Anemia,summer,Fresh Greens,4.6,22.4,222,66.3
47,Berry Spinach Smoothie,Healthy Food,non-veg,Description of food item,Anemia,winter,Energy Bites,3.7,8,146,38.5
48,Walnut-Crusted Salmon,Healthy Food,veg,Description of food item,Anemia,winter,Ocean Breeze,4,4,460,53.4
49,Roasted Beet Salad,Healthy Food,non-veg,Description of food item,Anemia,rainy,Vital Cafe,3.7,8.2,148,20
50,Berry Spinach Smoothie,Healthy Food,veg,Description of food item,Anemia,rainy,Spice House,4.4,21.5,176,57.1
51,Sautéed Spinach,Healthy Food,non-veg,Description of food item,Asthma,rainy,Fresh Greens,3.8,2.6,497,65.1
52,Mixed Bean Salad,Healthy Food,veg,Description of food item,Asthma,rainy,Urban Plates,3.8,8.9,216,28.8
53,Sautéed Spinach,Healthy Food,non-veg,Description of food item,Asthma,rainy,Energy Bites,4.6,28.1,444,49
54,Sautéed Spinach,Healthy Food,veg,Description of food item,Asthma,winter,Healthy Greens,4.3,22.5,104,37
55,Sautéed Spinach,Healthy Food,non-veg,Description of food item,Asthma,winter,Healthy Greens,4.4,12.6,326,54.3
56,Greek Yogurt with Berries,Healthy Food,veg,Description of food item,Asthma,summer,Spice House,3.6,28.3,124,53.2
57,Mixed Bean Salad,Healthy Food,non-veg,Description of food item,Asthma,summer,Energy Bites,4.7,21.6,169,57.7
58,Greek Yogurt with Berries,Healthy Food,veg,Description of food item,Asthma,rainy,Vital Cafe,4.8,17.3,192,73.5
59,Sautéed Spinach,Healthy Food,non-veg,Description of food item,Asthma,winter,Urban Plates,4.5,3,217,32.1
60,Mixed Bean Salad,Healthy Food,veg,Description of food item,Asthma,summer,Home Kitchen,4.2,19,106,37
61,Grilled Salmon Salad,Healthy Food,non-veg,Description of food item,Arthritis,summer,Green Table,4.4,2.2,365,39.7
62,Grilled Salmon Salad,Healthy Food,veg,Description of food item,Arthritis,winter,Healthy Greens,4.3,18.5,436,36.6
63,Quinoa Veggie Bowl,Healthy Food,non-veg,Description of food item,Arthritis,winter,Home Kitchen,4.8,7.2,463,41.8
64,Stir-Fried Tofu,Healthy Food,veg,Description of food item,Arthritis,summer,Fresh Greens,3.9,9.5,481,69.7
65,Avocado Chicken Wrap,Healthy Food,non-veg,Description of food item,Arthritis,winter,Energy Bites,3.5,5.5,326,55.9
66,Quinoa Veggie Bowl,Healthy Food,veg,Description of food item,Arthritis,summer,Green Table,4,17.9,460,58.9
67,Avocado Chicken Wrap,Healthy Food,non-veg,Description of food item,Arthritis,winter,Energy Bites,4.6,27.6,191,74.4
68,Stir-Fried Tofu,Healthy Food,veg,Description of food item,Arthritis,winter,Urban Plates,3.6,28.9,475,66.6
69,Low-Carb Cauliflower Rice,Healthy Food,non-veg,Description of food item,Arthritis,rainy,Home Kitchen,4.1,25.9,318,56.3
70,Avocado Chicken Wrap,Healthy Food,veg,Description of food item,Arthritis,rainy,Fresh Greens,3.5,14.1,162,41.2
71,Kale and Lentil Soup,Healthy Food,non-veg,Description of food item,Depression,winter,Fresh Greens,3.6,8.2,491,21.2
72,Grilled Tuna,Healthy Food,veg,Description of food item,Depression,winter,Healthy Greens,4.4,17.7,202,67.8
73,Berry Spinach Smoothie,Healthy Food,non-veg,Description of food item,Depression,rainy,Fresh Greens,4.4,8,423,68.9
74,Walnut-Crusted Salmon,Healthy Food,veg,Description of food item,Depression,rainy,Healthy Greens,4.3,28.2,104,22.6
75,Roasted Beet Salad,Healthy Food,non-veg,Description of food item,Depression,winter,Fresh Greens,4.9,27.8,485,55.4
76,Kale and Lentil Soup,Healthy Food,veg,Description of food item,Depression,winter,Ocean Breeze,4.9,25.1,146,46.7
77,Berry Spinach Smoothie,Healthy Food,non-veg,Description of food item,Depression,winter,Healthy Greens,4.9,15,163,47.7
78,Walnut-Crusted Salmon,Healthy Food,veg,Description of food item,Depression,rainy,Spice House,4.9,20.5,412,77.6
79,Roasted Beet Salad,Healthy Food,non-veg,Description of food item,Depression,summer,Fresh Greens,4.7,29,154,17.6
80,Berry Spinach Smoothie,Healthy Food,veg,Description of food item,Depression,summer,Home Kitchen,4.6,26.2,136,77.3
81,Sautéed Spinach,Healthy Food,non-veg,Description of food item,Kidney Disease,summer,Home Kitchen,4.7,4.1,213,65.5
82,Mixed Bean Salad,Healthy Food,veg,Description of food item,Kidney Disease,rainy,Fruit Bar,3.6,18,323,45.5
83,Sautéed Spinach,Healthy Food,non-veg,Description of food item,Kidney Disease,summer,Fruit Bar,4.9,5.8,159,19.1
84,Sautéed Spinach,Healthy Food,veg,Description of food item,Kidney Disease,winter,Fresh Greens,4.6,15.2,418,32.9
85,Sautéed Spinach,Healthy Food,non-veg,Description of food item,Kidney Disease,summer,Ocean Breeze,4.3,24.3,385,46
86,Greek Yogurt with Berries,Healthy Food,veg,Description of food item,Kidney Disease,rainy,Spice House,4.9,28,283,79.6
87,Mixed Bean Salad,Healthy Food,non-veg,Description of food item,Kidney Disease,summer,Green Table,4.3,5.2,323,18.9
88,Greek Yogurt with Berries,Healthy Food,veg,Description of food item,Kidney Disease,rainy,Home Kitchen,4.5,6.1,184,73.1
89,Sautéed Spinach,Healthy Food,non-veg,Description of food item,Kidney Disease,rainy,Home Kitchen,3.9,8.7,161,43.7
90,Mixed Bean Salad,Healthy Food,veg,Description of food item,Kidney Disease,rainy,Fresh Greens,4.6,25,434,52.8
91,Grilled Salmon Salad,Healthy Food,non-veg,Description of food item,Liver Disease,winter,Energy Bites,4.1,22.5,256,79.4
92,Grilled Salmon Salad,Healthy Food,veg,Description of food item,Liver Disease,winter,Fruit Bar,4.1,21.7,108,47.9
93,Quinoa Veggie Bowl,Healthy Food,non-veg,Description of food item,Liver Disease,summer,Green Table,4.6,8.7,279,38.8
94,Stir-Fried Tofu,Healthy Food,veg,Description of food item,Liver Disease,summer,Energy Bites,4.5,15.6,247,68.6
95,Avocado Chicken Wrap,Healthy Food,non-veg,Description of food item,Liver Disease,winter,Ocean Breeze,3.7,26.6,356,60.6
96,Quinoa Veggie Bowl,Healthy Food,veg,Description of food item,Liver Disease,rainy,Healthy Greens,3.6,10.2,387,70
97,Avocado Chicken Wrap,Healthy Food,non-veg,Description of food item,Liver Disease,winter,Spice House,4.7,16.3,259,39.9
98,Stir-Fried Tofu,Healthy Food,veg,Description of food item,Liver Disease,summer,Ocean Breeze,3.6,20.5,453,54.1
99,Low-Carb Cauliflower Rice,Healthy Food,non-veg,Description of food item,Liver Disease,winter,Vital Cafe,4.3,15.9,426,56.3
100,Avocado Chicken Wrap,Healthy Food,veg,Description of food item,Liver Disease,winter,Fresh Greens,4.2,23.9,132,33
101,Kale and Lentil Soup,Healthy Food,non-veg,Description of food item,Thyroid,summer,Energy Bites,5,17,320,65.7
102,Grilled Tuna,Healthy Food,veg,Description of food item,Thyroid,rainy,Fruit Bar,4.4,2.4,127,53.3
103,Berry Spinach Smoothie,Healthy Food,non-veg,Description of food item,Thyroid,rainy,Fruit Bar,3.9,27.4,181,35.8
104,Walnut-Crusted Salmon,Healthy Food,veg,Description of food item,Thyroid,summer,Urban Plates,4.8,11.6,290,20.6
105,Roasted Beet Salad,Healthy Food,non-veg,Description of food item,Thyroid,rainy,Green Table,4.2,4.4,363,65.2
106,Kale and Lentil Soup,Healthy Food,veg,Description of food item,Thyroid,summer,Home Kitchen,4.4,12.1,422,15.2
107,Berry Spinach Smoothie,Healthy Food,non-veg,Description of food item,Thyroid,rainy,Fruit Bar,4.4,25.5,311,27.3
108,Walnut-Crusted Salmon,Healthy Food,veg,Description of food item,Thyroid,rainy,Fruit Bar,3.9,20.9,397,74.5
109,Roasted Beet Salad,Healthy Food,non-veg,Description of food item,Thyroid,summer,Spice House,4.4,22.1,247,50.9
110,Berry Spinach Smoothie,Healthy Food,veg,Description of food item,Thyroid,rainy,Spice House,4.2,21.7,489,44.7
111,Sautéed Spinach,Healthy Food,non-veg,Description of food item,Osteoporosis,rainy,Fruit Bar,4,14.3,381,50.3
112,Mixed Bean Salad,Healthy Food,veg,Description of food item,Osteoporosis,summer,Home Kitchen,3.9,5.9,129,75.9
113,Sautéed Spinach,Healthy Food,non-veg,Description of food item,Osteoporosis,summer,Energy Bites,4.3,21.7,152,64.5
114,Sautéed Spinach,Healthy Food,veg,Description of food item,Osteoporosis,rainy,Green Table,3.9,10.9,247,27.1
115,Sautéed Spinach,Healthy Food,non-veg,Description of food item,Osteoporosis,summer,Fresh Greens,3.6,26.8,444,78.2
116,Greek Yogurt with Berries,Healthy Food,veg,Description of food item,Osteoporosis,winter,Healthy Greens,4.5,27.1,176,48.1
117,Mixed Bean Salad,Healthy Food,non-veg,Description of food item,Osteoporosis,summer,Urban Plates,4.9,18.6,361,46.5
118,Greek Yogurt with Berries,Healthy Food,veg,Description of food item,Osteoporosis,winter,Healthy Greens,4.2,26.4,357,55.2
119,Sautéed Spinach,Healthy Food,non-veg,Description of food item,Osteoporosis,rainy,Green Table,4.7,26.7,373,78.8
120,Mixed Bean Salad,Healthy Food,veg,Description of food item,Osteoporosis,rainy,Spice House,4,28.3,190,78.4
121,Grilled Salmon Salad,Healthy Food,non-veg,Description of food item,Alzheimer's,winter,Urban Plates,4.3,20.7,346,12.5
122,Grilled Salmon Salad,Healthy Food,veg,Description of food item,Alzheimer's,winter,Home Kitchen,4.3,22.2,193,74.2
123,Quinoa Veggie Bowl,Healthy Food,non-veg,Description of food item,Alzheimer's,winter,Ocean Breeze,4.7,21.7,270,38.2
124,Stir-Fried Tofu,Healthy Food,veg,Description of food item,Alzheimer's,rainy,Spice House,4.2,3.9,468,29.2
125,Avocado Chicken Wrap,Healthy Food,non-veg,Description of food item,Alzheimer's,winter,Urban Plates,4.6,29.9,424,33.4
126,Quinoa Veggie Bowl,Healthy Food,veg,Description of food item,Alzheimer's,winter,Vital Cafe,4.1,14.5,256,38.8
127,Avocado Chicken Wrap,Healthy Food,non-veg,Description of food item,Alzheimer's,summer,Energy Bites,4.4,23.3,441,78.3
128,Stir-Fried Tofu,Healthy Food,veg,Description of food item,Alzheimer's,winter,Healthy Greens,3.6,29,404,16.5
129,Low-Carb Cauliflower Rice,Healthy Food,non-veg,Description of food item,Alzheimer's,summer,Healthy Greens,4.3,10.4,215,50
130,Avocado Chicken Wrap,Healthy Food,veg,Description of food item,Alzheimer's,rainy,Spice House,4.7,8,353,28.7
131,Kale and Lentil Soup,Healthy Food,non-veg,Description of food item,Parkinson's,summer,Fresh Greens,3.7,4.7,196,49.7
132,Grilled Tuna,Healthy Food,veg,Description of food item,Parkinson's,rainy,Fruit Bar,4.5,2.9,126,78.6
133,Berry Spinach Smoothie,Healthy Food,non-veg,Description of food item,Parkinson's,summer,Fresh Greens,4.9,27.9,155,57.3
134,Walnut-Crusted Salmon,Healthy Food,veg,Description of food item,Parkinson's,summer,Green Table,4.6,8.8,475,67
135,Roasted Beet Salad,Healthy Food,non-veg,Description of food item,Parkinson's,rainy,Urban Plates,4.5,4.3,353,27.4
136,Kale and Lentil Soup,Healthy Food,veg,Description of food item,Parkinson's,winter,Home Kitchen,4.3,10.9,331,37.5
137,Berry Spinach Smoothie,Healthy Food,non-veg,Description of food item,Parkinson's,summer,Ocean Breeze,3.6,19,229,37.1
138,Walnut-Crusted Salmon,Healthy Food,veg,Description of food item,Parkinson's,rainy,Energy Bites,4.2,13.3,466,39.9
139,Roasted Beet Salad,Healthy Food,non-veg,Description of food item,Parkinson's,winter,Spice House,3.5,4.4,485,42.2
140,Berry Spinach Smoothie,Healthy Food,veg,Description of food item,Parkinson's,winter,Home Kitchen,4.9,27.1,453,61.7
141,Sautéed Spinach,Healthy Food,non-veg,Description of food item,Celiac Disease,winter,Urban Plates,4.9,20.5,278,18
142,Mixed Bean Salad,Healthy Food,veg,Description of food item,Celiac Disease,winter,Fresh Greens,4.9,27.4,105,34.7
143,Sautéed Spinach,Healthy Food,non-veg,Description of food item,Celiac Disease,winter,Healthy Greens,4.6,29.2,170,62.7
144,Sautéed Spinach,Healthy Food,veg,Description of food item,Celiac Disease,rainy,Vital Cafe,4.9,19.3,120,65.7
145,Sautéed Spinach,Healthy Food,non-veg,Description of food item,Celiac Disease,rainy,Fruit Bar,4.8,20.1,468,17.4
146,Greek Yogurt with Berries,Healthy Food,veg,Description of food item,Celiac Disease,summer,Spice House,4.6,6.2,325,64.2
147,Mixed Bean Salad,Healthy Food,non-veg,Description of food item,Celiac Disease,winter,Energy Bites,4.1,14.9,206,35.5
148,Greek Yogurt with Berries,Healthy Food,veg,Description of food item,Celiac Disease,summer,Energy Bites,3.5,6.4,368,24.5
149,Sautéed Spinach,Healthy Food,non-veg,Description of food item,Celiac Disease,summer,Fruit Bar,4.7,9.8,362,19.6
150,Mixed Bean Salad,Healthy Food,veg,Description of food item,Celiac Disease,rainy,Green Table,3.7,3.6,204,47.2
151,Grilled Salmon Salad,Healthy Food,non-veg,Description of food item,Crohn's Disease,winter,Energy Bites,3.7,16.4,141,25.1
152,Grilled Salmon Salad,Healthy Food,veg,Description of food item,Crohn's Disease,rainy,Urban Plates,4.7,27.3,426,75.1
153,Quinoa Veggie Bowl,Healthy Food,non-veg,Description of food item,Crohn's Disease,rainy,Green Table,5,16.6,129,55.1
154,Stir-Fried Tofu,Healthy Food,veg,Description of food item,Crohn's Disease,summer,Fruit Bar,3.6,11.4,284,44.4
155,Avocado Chicken Wrap,Healthy Food,non-veg,Description of food item,Crohn's Disease,summer,Fruit Bar,3.8,14.2,199,79.6
156,Quinoa Veggie Bowl,Healthy Food,veg,Description of food item,Crohn's Disease,summer,Urban Plates,4.7,12.4,182,31.3
157,Avocado Chicken Wrap,Healthy Food,non-veg,Description of food item,Crohn's Disease,winter,Home Kitchen,4,12.9,477,27.9
158,Stir-Fried Tofu,Healthy Food,veg,Description of food item,Crohn's Disease,winter,Vital Cafe,4,13.3,335,33.3
159,Low-Carb Cauliflower Rice,Healthy Food,non-veg,Description of food item,Crohn's Disease,summer,Healthy Greens,4,25.5,469,23.5
160,Avocado Chicken Wrap,Healthy Food,veg,Description of food item,Crohn's Disease,summer,Green Table,3.7,19.7,458,12.7
161,Kale and Lentil Soup,Healthy Food,non-veg,Description of food item,Gastritis,winter,Home Kitchen,4.2,26.2,320,32.7
162,Grilled Tuna,Healthy Food,veg,Description of food item,Gastritis,rainy,Green Table,4.2,8.6,277,63.6
163,Berry Spinach Smoothie,Healthy Food,non-veg,Description of food item,Gastritis,summer,Home Kitchen,4,6.5,358,76.4
164,Walnut-Crusted Salmon,Healthy Food,veg,Description of food item,Gastritis,winter,Fruit Bar,3.8,4.4,251,40.2
165,Roasted Beet Salad,Healthy Food,non-veg,Description of food item,Gastritis,winter,Spice House,4.3,10.7,162,11.8
166,Kale and Lentil Soup,Healthy Food,veg,Description of food item,Gastritis,winter,Energy Bites,4.2,10.6,183,63.7
167,Berry Spinach Smoothie,Healthy Food,non-veg,Description of food item,Gastritis,rainy,Vital Cafe,4.7,11.5,479,19.3
168,Walnut-Crusted Salmon,Healthy Food,veg,Description of food item,Gastritis,winter,Home Kitchen,4.7,16,416,39.2
169,Roasted Beet Salad,Healthy Food,non-veg,Description of food item,Gastritis,summer,Home Kitchen,4.3,23.4,474,71.3
170,Berry Spinach Smoothie,Healthy Food,veg,Description of food item,Gastritis,rainy,Fruit Bar,4.9,8.9,231,13
171,Sautéed Spinach,Healthy Food,non-veg,Description of food item,Cholesterol,winter,Vital Cafe,4.6,26.5,480,64.4
172,Mixed Bean Salad,Healthy Food,veg,Description of food item,Cholesterol,summer,Energy Bites,4.4,12.2,182,52.4
173,Sautéed Spinach,Healthy Food,non-veg,Description of food item,Cholesterol,winter,Fresh Greens,3.9,21.2,498,35.9
174,Sautéed Spinach,Healthy Food,veg,Description of food item,Cholesterol,rainy,Urban Plates,4.6,7.8,444,33.3
175,Sautéed Spinach,Healthy Food,non-veg,Description of food item,Cholesterol,rainy,Vital Cafe,3.9,18.6,387,33.1
176,Greek Yogurt with Berries,Healthy Food,veg,Description of food item,Cholesterol,winter,Spice House,4.7,13.7,165,47.3
177,Mixed Bean Salad,Healthy Food,non-veg,Description of food item,Cholesterol,rainy,Healthy Greens,4,6.7,443,24.5
178,Greek Yogurt with Berries,Healthy Food,veg,Description of food item,Cholesterol,summer,Fresh Greens,4.8,7.1,183,11.7
179,Sautéed Spinach,Healthy Food,non-veg,Description of food item,Cholesterol,winter,Urban Plates,5,5.3,393,15
180,Mixed Bean Salad,Healthy Food,veg,Description of food item,Cholesterol,rainy,Green Table,3.8,2.9,410,69.1
181,Grilled Salmon Salad,Healthy Food,non-veg,Description of food item,Anxiety,winter,Spice House,4.1,10,291,52.7
182,Grilled Salmon Salad,Healthy Food,veg,Description of food item,Anxiety,winter,Green Table,4.4,28.3,198,70.8
183,Quinoa Veggie Bowl,Healthy Food,non-veg,Description of food item,Anxiety,winter,Vital Cafe,4.6,10.2,445,69.9
184,Stir-Fried Tofu,Healthy Food,veg,Description of food item,Anxiety,winter,Urban Plates,3.6,8,220,44.9
185,Avocado Chicken Wrap,Healthy Food,non-veg,Description of food item,Anxiety,winter,Urban Plates,4.1,9.9,211,30.2
186,Quinoa Veggie Bowl,Healthy Food,veg,Description of food item,Anxiety,summer,Energy Bites,4.5,19,316,61.1
187,Avocado Chicken Wrap,Healthy Food,non-veg,Description of food item,Anxiety,summer,Spice House,4.6,2.2,146,34.9
188,Stir-Fried Tofu,Healthy Food,veg,Description of food item,Anxiety,rainy,Healthy Greens,4.6,18.7,280,44.2
189,Low-Carb Cauliflower Rice,Healthy Food,non-veg,Description of food item,Anxiety,winter,Urban Plates,4.1,8.8,474,40.1
190,Avocado Chicken Wrap,Healthy Food,veg,Description of food item,Anxiety,summer,Spice House,4.7,10.6,304,73.5
191,Kale and Lentil Soup,Healthy Food,non-veg,Description of food item,IBS,winter,Energy Bites,4.8,22.3,430,49.4
192,Grilled Tuna,Healthy Food,veg,Description of food item,IBS,rainy,Green Table,3.7,8.2,371,27.4
193,Berry Spinach Smoothie,Healthy Food,non-veg,Description of food item,IBS,winter,Home Kitchen,4,8.2,211,16.3
194,Walnut-Crusted Salmon,Healthy Food,veg,Description of food item,IBS,rainy,Green Table,3.8,23.8,290,27.6
195,Roasted Beet Salad,Healthy Food,non-veg,Description of food item,IBS,rainy,Fresh Greens,4.6,2.1,232,75.4
196,Kale and Lentil Soup,Healthy Food,veg,Description of food item,IBS,rainy,Fruit Bar,4.5,18,143,51.6
197,Berry Spinach Smoothie,Healthy Food,non-veg,Description of food item,IBS,rainy,Home Kitchen,4.4,20.2,183,52.8
198,Walnut-Crusted Salmon,Healthy Food,veg,Description of food item,IBS,winter,Urban Plates,4.4,11.7,106,50.5
199,Roasted Beet Salad,Healthy Food,non-veg,Description of food item,IBS,summer,Energy Bites,4.6,24.4,262,32.2
200,Berry Spinach Smoothie,Healthy Food,veg,Description of food item,IBS,summer,Vital Cafe,4.7,27.9,262,38.8
201,Sautéed Spinach,Healthy Food,non-veg,Description of food item,Migraines,winter,Home Kitchen,4,28,192,60.2
202,Mixed Bean Salad,Healthy Food,veg,Description of food item,Migraines,summer,Fresh Greens,3.7,12.5,426,33.5
203,Sautéed Spinach,Healthy Food,non-veg,Description of food item,Migraines,summer,Fresh Greens,3.6,18.2,452,10.9
204,Sautéed Spinach,Healthy Food,veg,Description of food item,Migraines,summer,Fresh Greens,4,14.8,227,46.3
205,Sautéed Spinach,Healthy Food,non-veg,Description of food item,Migraines,summer,Urban Plates,4.3,26.3,378,78.2
206,Greek Yogurt with Berries,Healthy Food,veg,Description of food item,Migraines,winter,Healthy Greens,4.7,17.4,191,57
207,Mixed Bean Salad,Healthy Food,non-veg,Description of food item,Migraines,summer,Spice House,4.8,3.1,215,78.5
208,Greek Yogurt with Berries,Healthy Food,veg,Description of food item,Migraines,rainy,Healthy Greens,4.6,21.3,448,45.7
209,Sautéed Spinach,Healthy Food,non-veg,Description of food item,Migraines,winter,Fruit Bar,4.1,21,411,23.6
210,Mixed Bean Salad,Healthy Food,veg,Description of food item,Migraines,summer,Ocean Breeze,4.8,20,326,52.1
211,Grilled Salmon Salad,Healthy Food,non-veg,Description of food item,Psoriasis,rainy,Ocean Breeze,3.7,3.9,340,45.7
212,Grilled Salmon Salad,Healthy Food,veg,Description of food item,Psoriasis,rainy,Spice House,4.2,28.1,172,38
213,Quinoa Veggie Bowl,Healthy Food,non-veg,Description of food item,Psoriasis,winter,Vital Cafe,4.3,7.7,491,36.7
214,Stir-Fried Tofu,Healthy Food,veg,Description of food item,Psoriasis,summer,Fresh Greens,3.5,6.7,466,33.1
215,Avocado Chicken Wrap,Healthy Food,non-veg,Description of food item,Psoriasis,rainy,Urban Plates,3.5,18.5,142,21
216,Quinoa Veggie Bowl,Healthy Food,veg,Description of food item,Psoriasis,rainy,Ocean Breeze,4.6,27.4,122,38.7
217,Avocado Chicken Wrap,Healthy Food,non-veg,Description of food item,Psoriasis,rainy,Fruit Bar,4.3,26.5,386,10.2
218,Stir-Fried Tofu,Healthy Food,veg,Description of food item,Psoriasis,rainy,Ocean Breeze,4,9.9,404,74.9
219,Low-Carb Cauliflower Rice,Healthy Food,non-veg,Description of food item,Psoriasis,summer,Fruit Bar,3.9,24.8,141,48.8
220,Avocado Chicken Wrap,Healthy Food,veg,Description of food item,Psoriasis,summer,Spice House,4.5,22.5,496,29.7
221,Kale and Lentil Soup,Healthy Food,non-veg,Description of food item,Lupus,rainy,Fresh Greens,3.8,29.6,357,27.8
222,Grilled Tuna,Healthy Food,veg,Description of food item,Lupus,winter,Home Kitchen,3.9,17.6,127,19.5
223,Berry Spinach Smoothie,Healthy Food,non-veg,Description of food item,Lupus,rainy,Vital Cafe,4.8,7.2,410,42.1
224,Walnut-Crusted Salmon,Healthy Food,veg,Description of food item,Lupus,winter,Fruit Bar,4.7,28.4,261,44.2
225,Roasted Beet Salad,Healthy Food,non-veg,Description of food item,Lupus,summer,Urban Plates,4.9,24.5,377,28.9
226,Kale and Lentil Soup,Healthy Food,veg,Description of food item,Lupus,rainy,Spice House,4.3,26.8,469,70.7
227,Berry Spinach Smoothie,Healthy Food,non-veg,Description of food item,Lupus,summer,Fresh Greens,3.6,30,342,14.3
228,Walnut-Crusted Salmon,Healthy Food,veg,Description of food item,Lupus,rainy,Urban Plates,4.6,8.9,112,15.3
229,Roasted Beet Salad,Healthy Food,non-veg,Description of food item,Lupus,rainy,Home Kitchen,3.7,20.8,147,73.2
230,Berry Spinach Smoothie,Healthy Food,veg,Description of food item,Lupus,winter,Healthy Greens,4.8,29.8,456,74
231,Sautéed Spinach,Healthy Food,non-veg,Description of food item,Skin Allergy,rainy,Vital Cafe,4.4,10,379,33.5
232,Mixed Bean Salad,Healthy Food,veg,Description of food item,Skin Allergy,winter,Vital Cafe,4.6,22.7,301,65.3
233,Sautéed Spinach,Healthy Food,non-veg,Description of food item,Skin Allergy,winter,Fresh Greens,4.8,4.1,113,44.8
234,Sautéed Spinach,Healthy Food,veg,Description of food item,Skin Allergy,winter,Spice House,3.5,26,464,13.8
235,Sautéed Spinach,Healthy Food,non-veg,Description of food item,Skin Allergy,winter,Urban Plates,4.9,28,429,16.5
236,Greek Yogurt with Berries,Healthy Food,veg,Description of food item,Skin Allergy,winter,Spice House,3.8,29.1,456,77.4
237,Mixed Bean Salad,Healthy Food,non-veg,Description of food item,Skin Allergy,rainy,Urban Plates,4.3,5.1,330,24
238,Greek Yogurt with Berries,Healthy Food,veg,Description of food item,Skin Allergy,winter,Fruit Bar,3.9,11.8,461,48.4
239,Sautéed Spinach,Healthy Food,non-veg,Description of food item,Skin Allergy,rainy,Fresh Greens,3.5,27.2,253,32.9
240,Mixed Bean Salad,Healthy Food,veg,Description of food item,Skin Allergy,rainy,Energy Bites,4.5,23.7,295,61.6
241,Grilled Salmon Salad,Healthy Food,non-veg,Description of food item,Back Pain,winter,Fruit Bar,4.6,10.9,168,58.6
242,Grilled Salmon Salad,Healthy Food,veg,Description of food item,Back Pain,summer,Ocean Breeze,4.7,19.6,403,12.1
243,Quinoa Veggie Bowl,Healthy Food,non-veg,Description of food item,Back Pain,rainy,Spice House,4.7,24.8,260,45.2
244,Stir-Fried Tofu,Healthy Food,veg,Description of food item,Back Pain,rainy,Fresh Greens,4.1,7.3,149,21.2
245,Avocado Chicken Wrap,Healthy Food,non-veg,Description of food item,Back Pain,summer,Urban Plates,4,12.9,280,30.6
246,Quinoa Veggie Bowl,Healthy Food,veg,Description of food item,Back Pain,winter,Energy Bites,3.9,12.5,109,38.5
247,Avocado Chicken Wrap,Healthy Food,non-veg,Description of food item,Back Pain,rainy,Vital Cafe,4.5,24.5,128,10.4
248,Stir-Fried Tofu,Healthy Food,veg,Description of food item,Back Pain,winter,Fruit Bar,4.1,11.9,459,43.1
249,Low-Carb Cauliflower Rice,Healthy Food,non-veg,Description of food item,Back Pain,winter,Spice House,3.8,22.5,365,23.9
250,Avocado Chicken Wrap,Healthy Food,veg,Description of food item,Back Pain,winter,Green Table,3.7,12.4,346,13.5
251,Kale and Lentil Soup,Healthy Food,non-veg,Description of food item,Cancer,rainy,Green Table,4,8.6,315,67.6
252,Grilled Tuna,Healthy Food,veg,Description of food item,Cancer,winter,Urban Plates,5,27.5,119,28.1
253,Berry Spinach Smoothie,Healthy Food,non-veg,Description of food item,Cancer,winter,Spice House,3.7,28.5,160,39.2
254,Walnut-Crusted Salmon,Healthy Food,veg,Description of food item,Cancer,rainy,Home Kitchen,4.5,8.2,428,25.3
255,Roasted Beet Salad,Healthy Food,non-veg,Description of food item,Cancer,summer,Urban Plates,4.1,21.1,356,39.6
256,Kale and Lentil Soup,Healthy Food,veg,Description of food item,Cancer,summer,Spice House,4.6,27.8,131,67.5
257,Berry Spinach Smoothie,Healthy Food,non-veg,Description of food item,Cancer,summer,Healthy Greens,4.7,6.8,408,78.9
258,Walnut-Crusted Salmon,Healthy Food,veg,Description of food item,Cancer,rainy,Energy Bites,4.5,12,215,58.4
259,Roasted Beet Salad,Healthy Food,non-veg,Description of food item,Cancer,rainy,Healthy Greens,3.6,26.6,285,26.8
260,Berry Spinach Smoothie,Healthy Food,veg,Description of food item,Cancer,rainy,Healthy Greens,3.7,21.4,335,14.6
261,Sautéed Spinach,Healthy Food,non-veg,Description of food item,Epilepsy,winter,Home Kitchen,3.7,8.3,179,14.9
262,Mixed Bean Salad,Healthy Food,veg,Description of food item,Epilepsy,winter,Urban Plates,5,16.4,323,79.3
263,Sautéed Spinach,Healthy Food,non-veg,Description of food item,Epilepsy,rainy,Vital Cafe,4.4,13.9,443,37.6
264,Sautéed Spinach,Healthy Food,veg,Description of food item,Epilepsy,summer,Fresh Greens,3.8,17.3,175,42.8
265,Sautéed Spinach,Healthy Food,non-veg,Description of food item,Epilepsy,summer,Energy Bites,5,21.7,401,44.8
266,Greek Yogurt with Berries,Healthy Food,veg,Description of food item,Epilepsy,rainy,Spice House,4.7,27.2,477,33.8
267,Mixed Bean Salad,Healthy Food,non-veg,Description of food item,Epilepsy,winter,Ocean Breeze,3.6,23,184,63.2
268,Greek Yogurt with Berries,Healthy Food,veg,Description of food item,Epilepsy,winter,Urban Plates,4.9,26.1,401,43.8
269,Sautéed Spinach,Healthy Food,non-veg,Description of food item,Epilepsy,winter,Healthy Greens,4.3,18.4,315,44.2
270,Mixed Bean Salad,Healthy Food,veg,Description of food item,Epilepsy,summer,Energy Bites,3.7,2.5,166,58.2
271,Grilled Salmon Salad,Healthy Food,non-veg,Description of food item,Fatigue,rainy,Urban Plates,4.5,2.7,371,43.7
272,Grilled Salmon Salad,Healthy Food,veg,Description of food item,Fatigue,summer,Spice House,3.9,18.3,154,55.5
273,Quinoa Veggie Bowl,Healthy Food,non-veg,Description of food item,Fatigue,winter,Fruit Bar,4.5,15.5,129,36.5
274,Stir-Fried Tofu,Healthy Food,veg,Description of food item,Fatigue,summer,Fruit Bar,3.8,16,446,35.4
275,Avocado Chicken Wrap,Healthy Food,non-veg,Description of food item,Fatigue,summer,Fresh Greens,4.2,29.5,400,18.3
276,Quinoa Veggie Bowl,Healthy Food,veg,Description of food item,Fatigue,rainy,Green Table,4.5,28.9,467,10.9
277,Avocado Chicken Wrap,Healthy Food,non-veg,Description of food item,Fatigue,summer,Green Table,3.6,24.7,475,46
278,Stir-Fried Tofu,Healthy Food,veg,Description of food item,Fatigue,winter,Home Kitchen,4.1,5.6,195,10.3
279,Low-Carb Cauliflower Rice,Healthy Food,non-veg,Description of food item,Fatigue,summer,Urban Plates,4.6,18.3,209,56.2
280,Avocado Chicken Wrap,Healthy Food,veg,Description of food item,Fatigue,winter,Ocean Breeze,4.6,10.2,179,40.4
281,Kale and Lentil Soup,Healthy Food,non-veg,Description of food item,Sinus,rainy,Vital Cafe,4.7,24.4,396,60.5
282,Grilled Tuna,Healthy Food,veg,Description of food item,Sinus,rainy,Spice House,4.8,21.3,125,23.6
283,Berry Spinach Smoothie,Healthy Food,non-veg,Description of food item,Sinus,winter,Ocean Breeze,4.9,23.8,108,66.7
284,Walnut-Crusted Salmon,Healthy Food,veg,Description of food item,Sinus,winter,Fruit Bar,4.7,8.4,243,42.9
285,Roasted Beet Salad,Healthy Food,non-veg,Description of food item,Sinus,winter,Green Table,4.5,22.9,123,37.2
286,Kale and Lentil Soup,Healthy Food,veg,Description of food item,Sinus,rainy,Home Kitchen,3.7,13.8,431,34.2
287,Berry Spinach Smoothie,Healthy Food,non-veg,Description of food item,Sinus,winter,Home Kitchen,4.8,7.6,174,10.2
288,Walnut-Crusted Salmon,Healthy Food,veg,Description of food item,Sinus,rainy,Healthy Greens,4,25.2,185,31.8
289,Roasted Beet Salad,Healthy Food,non-veg,Description of food item,Sinus,rainy,Fresh Greens,4.5,22,342,61.9
290,Berry Spinach Smoothie,Healthy Food,veg,Description of food item,Sinus,winter,Ocean Breeze,3.7,15.1,105,14.2
291,Sautéed Spinach,Healthy Food,non-veg,Description of food item,Hyperthyroidism,winter,Urban Plates,4.8,8.4,218,67.8
292,Mixed Bean Salad,Healthy Food,veg,Description of food item,Hyperthyroidism,summer,Fruit Bar,4.8,29.3,252,46.8
293,Sautéed Spinach,Healthy Food,non-veg,Description of food item,Hyperthyroidism,rainy,Vital Cafe,3.9,3.3,317,20.8
294,Sautéed Spinach,Healthy Food,veg,Description of food item,Hyperthyroidism,rainy,Urban Plates,4.3,18.6,300,31.7
295,Sautéed Spinach,Healthy Food,non-veg,Description of food item,Hyperthyroidism,rainy,Green Table,4.4,12.7,214,30.3
296,Greek Yogurt with Berries,Healthy Food,veg,Description of food item,Hyperthyroidism,winter,Spice House,4.7,20,343,79.6
297,Mixed Bean Salad,Healthy Food,non-veg,Description of food item,Hyperthyroidism,summer,Vital Cafe,4.6,12.8,443,14.1
298,Greek Yogurt with Berries,Healthy Food,veg,Description of food item,Hyperthyroidism,winter,Fruit Bar,4.8,28.2,419,56.3
299,Sautéed Spinach,Healthy Food,non-veg,Description of food item,Hyperthyroidism,summer,Fruit Bar,4.4,22.3,410,28
300,Mixed Bean Salad,Healthy Food,veg,Description of food item,Hyperthyroidism,summer,Fresh Greens,4.8,16.7,390,20.5
301,Grilled Salmon Salad,Healthy Food,non-veg,Description of food item,PCOS,rainy,Urban Plates,3.6,9.3,156,46
302,Grilled Salmon Salad,Healthy Food,veg,Description of food item,PCOS,summer,Urban Plates,4,16.2,385,72.5
303,Quinoa Veggie Bowl,Healthy Food,non-veg,Description of food item,PCOS,winter,Fresh Greens,3.7,23.2,401,25.5
304,Stir-Fried Tofu,Healthy Food,veg,Description of food item,PCOS,summer,Fresh Greens,4,14.9,195,79.3
305,Avocado Chicken Wrap,Healthy Food,non-veg,Description of food item,PCOS,rainy,Fresh Greens,3.6,8.1,120,35
306,Quinoa Veggie Bowl,Healthy Food,veg,Description of food item,PCOS,summer,Spice House,3.6,25.9,437,62.4
307,Avocado Chicken Wrap,Healthy Food,non-veg,Description of food item,PCOS,winter,Home Kitchen,4.5,4.3,258,75.3
308,Stir-Fried Tofu,Healthy Food,veg,Description of food item,PCOS,winter,Home Kitchen,3.7,4.8,272,29.1
309,Low-Carb Cauliflower Rice,Healthy Food,non-veg,Description of food item,PCOS,winter,Fruit Bar,3.7,19.7,342,34.6
310,Avocado Chicken Wrap,Healthy Food,veg,Description of food item,PCOS,rainy,Spice House,4.2,11.3,428,64.2
311,Kale and Lentil Soup,Healthy Food,non-veg,Description of food item,Stroke,summer,Vital Cafe,4.1,15.6,177,71.3
312,Grilled Tuna,Healthy Food,veg,Description of food item,Stroke,summer,Fresh Greens,4.2,3,172,55.1
313,Berry Spinach Smoothie,Healthy Food,non-veg,Description of food item,Stroke,rainy,Green Table,4.7,28.5,315,71.2
314,Walnut-Crusted Salmon,Healthy Food,veg,Description of food item,Stroke,summer,Fresh Greens,3.8,8.8,296,13.1
315,Roasted Beet Salad,Healthy Food,non-veg,Description of food item,Stroke,winter,Ocean Breeze,4.7,4.6,425,29.3
316,Kale and Lentil Soup,Healthy Food,veg,Description of food item,Stroke,summer,Spice House,4.4,16,465,66.9
317,Berry Spinach Smoothie,Healthy Food,non-veg,Description of food item,Stroke,rainy,Energy Bites,3.6,28.4,146,69.4
318,Walnut-Crusted Salmon,Healthy Food,veg,Description of food item,Stroke,rainy,Energy Bites,3.6,27.5,308,68.4
319,Roasted Beet Salad,Healthy Food,non-veg,Description of food item,Stroke,winter,Fruit Bar,4.5,13.8,219,12.1
320,Berry Spinach Smoothie,Healthy Food,veg,Description of food item,Stroke,winter,Urban Plates,3.6,3.3,167,44.8
321,Sautéed Spinach,Healthy Food,non-veg,Description of food item,Cystic Fibrosis,winter,Ocean Breeze,4.1,20.5,344,61.6
322,Mixed Bean Salad,Healthy Food,veg,Description of food item,Cystic Fibrosis,summer,Spice House,4.3,2.2,322,43.2
323,Sautéed Spinach,Healthy Food,non-veg,Description of food item,Cystic Fibrosis,summer,Green Table,4.1,24.3,170,65.7
324,Sautéed Spinach,Healthy Food,veg,Description of food item,Cystic Fibrosis,summer,Healthy Greens,4.5,14.9,213,37.2
325,Sautéed Spinach,Healthy Food,non-veg,Description of food item,Cystic Fibrosis,summer,Energy Bites,4.6,6.4,130,63.9
326,Greek Yogurt with Berries,Healthy Food,veg,Description of food item,Cystic Fibrosis,rainy,Vital Cafe,3.9,25.5,417,49.5
327,Mixed Bean Salad,Healthy Food,non-veg,Description of food item,Cystic Fibrosis,summer,Healthy Greens,4.9,27.7,347,39
328,Greek Yogurt with Berries,Healthy Food,veg,Description of food item,Cystic Fibrosis,summer,Healthy Greens,4.8,29,443,15
329,Sautéed Spinach,Healthy Food,non-veg,Description of food item,Cystic Fibrosis,rainy,Green Table,4.6,12.4,475,79.6
330,Mixed Bean Salad,Healthy Food,veg,Description of food item,Cystic Fibrosis,summer,Healthy Greens,4.1,2.5,315,38.7
331,Grilled Salmon Salad,Healthy Food,non-veg,Description of food item,Vertigo,summer,Urban Plates,3.9,13.8,215,58.1
332,Grilled Salmon Salad,Healthy Food,veg,Description of food item,Vertigo,rainy,Urban Plates,4.3,23.8,466,75
333,Quinoa Veggie Bowl,Healthy Food,non-veg,Description of food item,Vertigo,winter,Healthy Greens,4.8,28,139,53.6
334,Stir-Fried Tofu,Healthy Food,veg,Description of food item,Vertigo,winter,Healthy Greens,3.8,15.6,122,18.8
335,Avocado Chicken Wrap,Healthy Food,non-veg,Description of food item,Vertigo,winter,Ocean Breeze,4.5,8.5,238,71.1
336,Quinoa Veggie Bowl,Healthy Food,veg,Description of food item,Vertigo,winter,Urban Plates,4.4,4.2,259,27.8
337,Avocado Chicken Wrap,Healthy Food,non-veg,Description of food item,Vertigo,winter,Green Table,3.8,8,152,11.5
338,Stir-Fried Tofu,Healthy Food,veg,Description of food item,Vertigo,summer,Urban Plates,4,14.9,316,24.4
339,Low-Carb Cauliflower Rice,Healthy Food,non-veg,Description of food item,Vertigo,summer,Spice House,4.1,17.5,307,43
340,Avocado Chicken Wrap,Healthy Food,veg,Description of food item,Vertigo,winter,Spice House,3.7,19.7,422,11.6
341,Kale and Lentil Soup,Healthy Food,non-veg,Description of food item,Eczema,rainy,Green Table,3.7,13.5,236,23.9
342,Grilled Tuna,Healthy Food,veg,Description of food item,Eczema,winter,Fresh Greens,3.6,28.8,308,51.5
343,Berry Spinach Smoothie,Healthy Food,non-veg,Description of food item,Eczema,winter,Energy Bites,4.8,6.4,301,27.3
344,Walnut-Crusted Salmon,Healthy Food,veg,Description of food item,Eczema,winter,Home Kitchen,4,3.2,255,70.1
345,Roasted Beet Salad,Healthy Food,non-veg,Description of food item,Eczema,summer,Home Kitchen,3.8,18.3,290,11.7
346,Kale and Lentil Soup,Healthy Food,veg,Description of food item,Eczema,rainy,Home Kitchen,4.2,26.9,429,67.2
347,Berry Spinach Smoothie,Healthy Food,non-veg,Description of food item,Eczema,winter,Ocean Breeze,4.2,12.6,493,72.9
348,Walnut-Crusted Salmon,Healthy Food,veg,Description of food item,Eczema,rainy,Home Kitchen,4.1,5.8,423,59.4
349,Roasted Beet Salad,Healthy Food,non-veg,Description of food item,Eczema,winter,Green Table,4.4,7.6,362,44.1
350,Berry Spinach Smoothie,Healthy Food,veg,Description of food item,Eczema,rainy,Green Table,5,12.1,410,60.7
351,Sautéed Spinach,Healthy Food,non-veg,Description of food item,Hemophilia,rainy,Healthy Greens,4.8,15.5,347,36.6
352,Mixed Bean Salad,Healthy Food,veg,Description of food item,Hemophilia,summer,Fresh Greens,4.2,14.8,471,44
353,Sautéed Spinach,Healthy Food,non-veg,Description of food item,Hemophilia,summer,Home Kitchen,4.8,25.2,445,71
354,Sautéed Spinach,Healthy Food,veg,Description of food item,Hemophilia,rainy,Green Table,4.5,5.6,150,48.4
355,Sautéed Spinach,Healthy Food,non-veg,Description of food item,Hemophilia,winter,Green Table,5,18.3,125,79.4
356,Greek Yogurt with Berries,Healthy Food,veg,Description of food item,Hemophilia,rainy,Urban Plates,4.4,6.2,363,70.3
357,Mixed Bean Salad,Healthy Food,non-veg,Description of food item,Hemophilia,winter,Fruit Bar,4,12.6,300,24.5
358,Greek Yogurt with Berries,Healthy Food,veg,Description of food item,Hemophilia,rainy,Green Table,4.8,23.9,456,34
359,Sautéed Spinach,Healthy Food,non-veg,Description of food item,Hemophilia,summer,Fresh Greens,4.6,4,444,37.6
360,Mixed Bean Salad,Healthy Food,veg,Description of food item,Hemophilia,winter,Energy Bites,4.6,20.7,296,71.7
361,Grilled Salmon Salad,Healthy Food,non-veg,Description of food item,HIV,winter,Home Kitchen,4.1,2,485,32
362,Grilled Salmon Salad,Healthy Food,veg,Description of food item,HIV,summer,Ocean Breeze,3.6,8.8,372,58.6
363,Quinoa Veggie Bowl,Healthy Food,non-veg,Description of food item,HIV,rainy,Urban Plates,4.7,24.1,464,55.8
364,Stir-Fried Tofu,Healthy Food,veg,Description of food item,HIV,winter,Fresh Greens,3.7,28.2,471,40.2
365,Avocado Chicken Wrap,Healthy Food,non-veg,Description of food item,HIV,rainy,Ocean Breeze,4.6,18.2,320,21.5
366,Quinoa Veggie Bowl,Healthy Food,veg,Description of food item,HIV,rainy,Spice House,4.1,29.9,422,40.6
367,Avocado Chicken Wrap,Healthy Food,non-veg,Description of food item,HIV,summer,Vital Cafe,4.6,11.2,119,56.4
368,Stir-Fried Tofu,Healthy Food,veg,Description of food item,HIV,summer,Ocean Breeze,4.6,22.8,160,63.5
369,Low-Carb Cauliflower Rice,Healthy Food,non-veg,Description of food item,HIV,rainy,Spice House,4.5,8,271,78.3
370,Avocado Chicken Wrap,Healthy Food,veg,Description of food item,HIV,summer,Spice House,4.3,10,432,37.4
371,Kale and Lentil Soup,Healthy Food,non-veg,Description of food item,Leukemia,winter,Energy Bites,4.6,28.9,393,44.2
372,Grilled Tuna,Healthy Food,veg,Description of food item,Leukemia,summer,Vital Cafe,3.7,10.1,167,22.1
373,Berry Spinach Smoothie,Healthy Food,non-veg,Description of food item,Leukemia,rainy,Vital Cafe,3.8,5.7,220,72.5
374,Walnut-Crusted Salmon,Healthy Food,veg,Description of food item,Leukemia,summer,Fruit Bar,4.2,6.6,379,13
375,Roasted Beet Salad,Healthy Food,non-veg,Description of food item,Leukemia,rainy,Vital Cafe,3.8,9.9,111,42.3
376,Kale and Lentil Soup,Healthy Food,veg,Description of food item,Leukemia,rainy,Healthy Greens,3.8,5,179,45
377,Berry Spinach Smoothie,Healthy Food,non-veg,Description of food item,Leukemia,rainy,Healthy Greens,3.8,11.2,187,68.3
378,Walnut-Crusted Salmon,Healthy Food,veg,Description of food item,Leukemia,winter,Spice House,4.2,6.3,225,10.5
379,Roasted Beet Salad,Healthy Food,non-veg,Description of food item,Leukemia,winter,Ocean Breeze,3.9,13.9,163,34.8
380,Berry Spinach Smoothie,Healthy Food,veg,Description of food item,Leukemia,winter,Healthy Greens,3.8,25.6,213,71.6
381,Sautéed Spinach,Healthy Food,non-veg,Description of food item,OCD,rainy,Spice House,3.9,6.1,101,69.3
382,Mixed Bean Salad,Healthy Food,veg,Description of food item,OCD,rainy,Green Table,3.7,3.5,366,79
383,Sautéed Spinach,Healthy Food,non-veg,Description of food item,OCD,summer,Spice House,4.3,17.6,208,40.1
384,Sautéed Spinach,Healthy Food,veg,Description of food item,OCD,rainy,Home Kitchen,4.2,19.2,425,68.7
385,Sautéed Spinach,Healthy Food,non-veg,Description of food item,OCD,summer,Fresh Greens,4.9,2.1,183,12.3
386,Greek Yogurt with Berries,Healthy Food,veg,Description of food item,OCD,winter,Urban Plates,4.6,8,160,70.3
387,Mixed Bean Salad,Healthy Food,non-veg,Description of food item,OCD,summer,Healthy Greens,3.5,17.8,258,33.5
388,Greek Yogurt with Berries,Healthy Food,veg,Description of food item,OCD,winter,Green Table,3.9,16.1,401,69
389,Sautéed Spinach,Healthy Food,non-veg,Description of food item,OCD,rainy,Ocean Breeze,3.7,28.7,159,77.5
390,Mixed Bean Salad,Healthy Food,veg,Description of food item,OCD,winter,Green Table,5,12.4,267,48.6
391,Grilled Salmon Salad,Healthy Food,non-veg,Description of food item,PTSD,summer,Healthy Greens,3.9,15.6,345,44.7
392,Grilled Salmon Salad,Healthy Food,veg,Description of food item,PTSD,rainy,Spice House,4.9,11.2,451,50.3
393,Quinoa Veggie Bowl,Healthy Food,non-veg,Description of food item,PTSD,summer,Fruit Bar,3.6,18.3,468,58.5
394,Stir-Fried Tofu,Healthy Food,veg,Description of food item,PTSD,rainy,Vital Cafe,4.7,28.5,132,77.3
395,Avocado Chicken Wrap,Healthy Food,non-veg,Description of food item,PTSD,rainy,Energy Bites,4.1,26.8,287,24.7
396,Quinoa Veggie Bowl,Healthy Food,veg,Description of food item,PTSD,winter,Home Kitchen,4.3,28.9,401,71.7
397,Avocado Chicken Wrap,Healthy Food,non-veg,Description of food item,PTSD,winter,Ocean Breeze,3.8,24.6,295,39.3
398,Stir-Fried Tofu,Healthy Food,veg,Description of food item,PTSD,rainy,Spice House,4.3,19.7,148,69.2
399,Low-Carb Cauliflower Rice,Healthy Food,non-veg,Description of food item,PTSD,rainy,Vital Cafe,3.6,12.7,346,13.5
400,Avocado Chicken Wrap,Healthy Food,veg,Description of food item,PTSD,winter,Energy Bites,4.4,4.5,397,45.2
401,Kale and Lentil Soup,Healthy Food,non-veg,Description of food item,Schizophrenia,summer,Spice House,4.8,2.1,368,68.6
402,Grilled Tuna,Healthy Food,veg,Description of food item,Schizophrenia,rainy,Fruit Bar,4.4,11,302,34.9
403,Berry Spinach Smoothie,Healthy Food,non-veg,Description of food item,Schizophrenia,winter,Spice House,4.2,15.8,280,19.7
404,Walnut-Crusted Salmon,Healthy Food,veg,Description of food item,Schizophrenia,rainy,Fruit Bar,4.3,13,342,37.7
405,Roasted Beet Salad,Healthy Food,non-veg,Description of food item,Schizophrenia,rainy,Vital Cafe,4.3,3.2,414,58.8
406,Kale and Lentil Soup,Healthy Food,veg,Description of food item,Schizophrenia,rainy,Urban Plates,4,27.3,358,43.4
407,Berry Spinach Smoothie,Healthy Food,non-veg,Description of food item,Schizophrenia,winter,Fresh Greens,4.8,9.2,273,46.1
408,Walnut-Crusted Salmon,Healthy Food,veg,Description of food item,Schizophrenia,winter,Ocean Breeze,3.8,13.1,198,45.7
409,Roasted Beet Salad,Healthy Food,non-veg,Description of food item,Schizophrenia,winter,Energy Bites,3.9,13.7,245,38.8
410,Berry Spinach Smoothie,Healthy Food,veg,Description of food item,Schizophrenia,rainy,Vital Cafe,4.7,6.8,244,24
411,Sautéed Spinach,Healthy Food,non-veg,Description of food item,Sleep Apnea,summer,Spice House,3.7,7.6,293,45.8
412,Mixed Bean Salad,Healthy Food,veg,Description of food item,Sleep Apnea,summer,Healthy Greens,4.7,27.8,225,61.4
413,Sautéed Spinach,Healthy Food,non-veg,Description of food item,Sleep Apnea,winter,Fruit Bar,4.3,10.6,315,56.5
414,Sautéed Spinach,Healthy Food,veg,Description of food item,Sleep Apnea,winter,Spice House,4,22.9,248,47.6
415,Sautéed Spinach,Healthy Food,non-veg,Description of food item,Sleep Apnea,rainy,Fresh Greens,4.2,10,239,37.8
416,Greek Yogurt with Berries,Healthy Food,veg,Description of food item,Sleep Apnea,rainy,Ocean Breeze,4.1,18.9,365,43.1
417,Mixed Bean Salad,Healthy Food,non-veg,Description of food item,Sleep Apnea,winter,Vital Cafe,3.7,18.4,401,33.5
418,Greek Yogurt with Berries,Healthy Food,veg,Description of food item,Sleep Apnea,rainy,Vital Cafe,4.6,3.8,463,26.4
419,Sautéed Spinach,Healthy Food,non-veg,Description of food item,Sleep Apnea,rainy,Energy Bites,4.2,25.4,380,31.1
420,Mixed Bean Salad,Healthy Food,veg,Description of food item,Sleep Apnea,winter,Urban Plates,3.7,29.6,430,25.1
421,Grilled Salmon Salad,Healthy Food,non-veg,Description of food item,Tuberculosis,winter,Fruit Bar,4.2,18.7,417,50
422,Grilled Salmon Salad,Healthy Food,veg,Description of food item,Tuberculosis,summer,Fresh Greens,4.3,18.7,146,57.3
423,Quinoa Veggie Bowl,Healthy Food,non-veg,Description of food item,Tuberculosis,winter,Green Table,3.7,20.9,356,42.9
424,Stir-Fried Tofu,Healthy Food,veg,Description of food item,Tuberculosis,summer,Fresh Greens,4.2,23.3,348,77
425,Avocado Chicken Wrap,Healthy Food,non-veg,Description of food item,Tuberculosis,rainy,Urban Plates,4.5,17.9,336,17.9
426,Quinoa Veggie Bowl,Healthy Food,veg,Description of food item,Tuberculosis,rainy,Energy Bites,4.3,26.5,361,60.5
427,Avocado Chicken Wrap,Healthy Food,non-veg,Description of food item,Tuberculosis,winter,Green Table,4.8,22.5,334,54.8
428,Stir-Fried Tofu,Healthy Food,veg,Description of food item,Tuberculosis,rainy,Green Table,3.6,22.9,394,33.8
429,Low-Carb Cauliflower Rice,Healthy Food,non-veg,Description of food item,Tuberculosis,summer,Fruit Bar,4.4,4.5,227,73.6
430,Avocado Chicken Wrap,Healthy Food,veg,Description of food item,Tuberculosis,rainy,Energy Bites,4.9,4.3,296,63.7
431,Kale and Lentil Soup,Healthy Food,non-veg,Description of food item,Ulcers,summer,Energy Bites,4.9,23.7,270,36.8
432,Grilled Tuna,Healthy Food,veg,Description of food item,Ulcers,winter,Home Kitchen,4.7,13.2,374,23.1
433,Berry Spinach Smoothie,Healthy Food,non-veg,Description of food item,Ulcers,rainy,Energy Bites,4.5,7.6,149,39.4
434,Walnut-Crusted Salmon,Healthy Food,veg,Description of food item,Ulcers,winter,Fruit Bar,4.9,12.2,260,49.7
435,Roasted Beet Salad,Healthy Food,non-veg,Description of food item,Ulcers,summer,Spice House,3.6,15.6,364,26.2
436,Kale and Lentil Soup,Healthy Food,veg,Description of food item,Ulcers,winter,Healthy Greens,3.6,15.2,367,77.5
437,Berry Spinach Smoothie,Healthy Food,non-veg,Description of food item,Ulcers,summer,Home Kitchen,4.9,24.7,331,14.5
438,Walnut-Crusted Salmon,Healthy Food,veg,Description of food item,Ulcers,winter,Urban Plates,4.2,9.5,216,32.9
439,Roasted Beet Salad,Healthy Food,non-veg,Description of food item,Ulcers,rainy,Healthy Greens,4.9,3.4,347,43.4
440,Berry Spinach Smoothie,Healthy Food,veg,Description of food item,Ulcers,summer,Fruit Bar,4.8,6.5,230,46.3
441,Sautéed Spinach,Healthy Food,non-veg,Description of food item,Varicose Veins,rainy,Energy Bites,4.9,9.3,165,35.3
442,Mixed Bean Salad,Healthy Food,veg,Description of food item,Varicose Veins,rainy,Fresh Greens,4.5,18.5,394,51.8
443,Sautéed Spinach,Healthy Food,non-veg,Description of food item,Varicose Veins,winter,Spice House,3.9,9.2,296,42.7
444,Sautéed Spinach,Healthy Food,veg,Description of food item,Varicose Veins,summer,Spice House,4,19.7,134,39.8
445,Sautéed Spinach,Healthy Food,non-veg,Description of food item,Varicose Veins,winter,Ocean Breeze,4.9,29.1,481,28
446,Greek Yogurt with Berries,Healthy Food,veg,Description of food item,Varicose Veins,rainy,Vital Cafe,4.8,23.6,296,35.5
447,Mixed Bean Salad,Healthy Food,non-veg,Description of food item,Varicose Veins,rainy,Home Kitchen,4.9,15.8,312,32
448,Greek Yogurt with Berries,Healthy Food,veg,Description of food item,Varicose Veins,winter,Fruit Bar,3.7,4.6,412,31.8
449,Sautéed Spinach,Healthy Food,non-veg,Description of food item,Varicose Veins,summer,Home Kitchen,4.6,17.6,375,47.8
450,Mixed Bean Salad,Healthy Food,veg,Description of food item,Varicose Veins,summer,Spice House,4.7,27.4,409,42.5
451,Grilled Salmon Salad,Healthy Food,non-veg,Description of food item,Dementia,winter,Energy Bites,4.4,16.1,120,17.8
452,Grilled Salmon Salad,Healthy Food,veg,Description of food item,Dementia,rainy,Urban Plates,3.9,21.2,144,24.8
453,Quinoa Veggie Bowl,Healthy Food,non-veg,Description of food item,Dementia,rainy,Fresh Greens,3.8,29.3,221,13
454,Stir-Fried Tofu,Healthy Food,veg,Description of food item,Dementia,rainy,Fresh Greens,4.5,27.9,379,34
455,Avocado Chicken Wrap,Healthy Food,non-veg,Description of food item,Dementia,rainy,Vital Cafe,4.8,7.9,342,75.7
456,Quinoa Veggie Bowl,Healthy Food,veg,Description of food item,Dementia,winter,Healthy Greens,4.6,9.5,378,35.2
457,Avocado Chicken Wrap,Healthy Food,non-veg,Description of food item,Dementia,winter,Vital Cafe,4.3,5.9,225,17.4
458,Stir-Fried Tofu,Healthy Food,veg,Description of food item,Dementia,rainy,Ocean Breeze,4.6,8.1,468,50.5
459,Low-Carb Cauliflower Rice,Healthy Food,non-veg,Description of food item,Dementia,summer,Fresh Greens,3.5,15.5,131,43.6
460,Avocado Chicken Wrap,Healthy Food,veg,Description of food item,Dementia,summer,Green Table,4.7,13.8,431,63.6
461,Kale and Lentil Soup,Healthy Food,non-veg,Description of food item,Allergies,winter,Ocean Breeze,4.9,25.8,380,66.6
462,Grilled Tuna,Healthy Food,veg,Description of food item,Allergies,rainy,Vital Cafe,4.1,5.6,308,75.3
463,Berry Spinach Smoothie,Healthy Food,non-veg,Description of food item,Allergies,rainy,Ocean Breeze,3.6,12.2,322,77.6
464,Walnut-Crusted Salmon,Healthy Food,veg,Description of food item,Allergies,winter,Green Table,4.2,2.8,416,66
465,Roasted Beet Salad,Healthy Food,non-veg,Description of food item,Allergies,summer,Energy Bites,3.5,24.5,145,50.8
466,Kale and Lentil Soup,Healthy Food,veg,Description of food item,Allergies,winter,Ocean Breeze,4.7,23.5,349,35.1
467,Berry Spinach Smoothie,Healthy Food,non-veg,Description of food item,Allergies,summer,Spice House,4.9,19.4,458,60.9
468,Walnut-Crusted Salmon,Healthy Food,veg,Description of food item,Allergies,winter,Spice House,4.5,13.1,431,55.4
469,Roasted Beet Salad,Healthy Food,non-veg,Description of food item,Allergies,summer,Energy Bites,3.7,5.4,405,72.5
470,Berry Spinach Smoothie,Healthy Food,veg,Description of food item,Allergies,rainy,Urban Plates,4.6,22.1,289,19.5
471,Sautéed Spinach,Healthy Food,non-veg,Description of food item,Sickle Cell,winter,Fruit Bar,4.1,21,233,70.7
472,Mixed Bean Salad,Healthy Food,veg,Description of food item,Sickle Cell,winter,Green Table,4.4,27.7,182,25.6
473,Sautéed Spinach,Healthy Food,non-veg,Description of food item,Sickle Cell,rainy,Fruit Bar,4,10.6,406,37.2
474,Sautéed Spinach,Healthy Food,veg,Description of food item,Sickle Cell,rainy,Urban Plates,4,14.4,363,21.7
475,Sautéed Spinach,Healthy Food,non-veg,Description of food item,Sickle Cell,winter,Spice House,4,26.6,119,60.2
476,Greek Yogurt with Berries,Healthy Food,veg,Description of food item,Sickle Cell,winter,Ocean Breeze,3.9,16.8,413,14.1
477,Mixed Bean Salad,Healthy Food,non-veg,Description of food item,Sickle Cell,summer,Fresh Greens,4.5,8.2,130,19.9
478,Greek Yogurt with Berries,Healthy Food,veg,Description of food item,Sickle Cell,rainy,Energy Bites,4.1,9.1,277,47.7
479,Sautéed Spinach,Healthy Food,non-veg,Description of food item,Sickle Cell,winter,Spice House,4.3,23.6,172,51
480,Mixed Bean Salad,Healthy Food,veg,Description of food item,Sickle Cell,winter,Healthy Greens,4.2,8.3,404,56.5
481,Grilled Salmon Salad,Healthy Food,non-veg,Description of food item,Multiple Sclerosis,rainy,Healthy Greens,4.8,9.7,419,23.8
482,Grilled Salmon Salad,Healthy Food,veg,Description of food item,Multiple Sclerosis,rainy,Urban Plates,4.3,10.5,130,50.9
483,Quinoa Veggie Bowl,Healthy Food,non-veg,Description of food item,Multiple Sclerosis,winter,Green Table,4.5,20.1,316,25.2
484,Stir-Fried Tofu,Healthy Food,veg,Description of food item,Multiple Sclerosis,winter,Green Table,3.6,20.9,302,14
485,Avocado Chicken Wrap,Healthy Food,non-veg,Description of food item,Multiple Sclerosis,winter,Home Kitchen,3.7,18.6,430,37.4
486,Quinoa Veggie Bowl,Healthy Food,veg,Description of food item,Multiple Sclerosis,rainy,Vital Cafe,4,10.8,429,78.5
487,Avocado Chicken Wrap,Healthy Food,non-veg,Description of food item,Multiple Sclerosis,rainy,Vital Cafe,3.7,21.9,171,24.7
488,Stir-Fried Tofu,Healthy Food,veg,Description of food item,Multiple Sclerosis,rainy,Energy Bites,3.8,26.8,163,14.3
489,Low-Carb Cauliflower Rice,Healthy Food,non-veg,Description of food item,Multiple Sclerosis,winter,Fresh Greens,4.2,27.6,234,62.9
490,Avocado Chicken Wrap,Healthy Food,veg,Description of food item,Multiple Sclerosis,winter,Vital Cafe,3.8,11.7,295,12.9
491,Kale and Lentil Soup,Healthy Food,non-veg,Description of food item,Constipation,summer,Ocean Breeze,4.9,13.4,414,20.4
492,Grilled Tuna,Healthy Food,veg,Description of food item,Constipation,summer,Home Kitchen,4.8,21.1,250,16.8
493,Berry Spinach Smoothie,Healthy Food,non-veg,Description of food item,Constipation,winter,Urban Plates,3.9,4.3,414,54.2
494,Walnut-Crusted Salmon,Healthy Food,veg,Description of food item,Constipation,winter,Ocean Breeze,4.5,16.7,157,61
495,Roasted Beet Salad,Healthy Food,non-veg,Description of food item,Constipation,rainy,Home Kitchen,4.4,16.5,316,40.8
496,Kale and Lentil Soup,Healthy Food,veg,Description of food item,Constipation,rainy,Green Table,3.8,4.3,438,67.3
497,Berry Spinach Smoothie,Healthy Food,non-veg,Description of food item,Constipation,winter,Fruit Bar,4.2,24.3,364,54.1
498,Walnut-Crusted Salmon,Healthy Food,veg,Description of food item,Constipation,winter,Healthy Greens,3.6,22.1,367,77.5
499,Roasted Beet Salad,Healthy Food,non-veg,Description of food item,Constipation,summer,Green Table,4.7,12.3,391,18.4
500,Berry Spinach Smoothie,Healthy Food,veg,Description of food item,Constipation,summer,Healthy Greens,4.9,15.7,415,73.3
,Sautéed Spinach,,,,,,,,,,
,Mixed Bean Salad,,,,,,,,,,
,Sautéed Spinach,,,,,,,,,,
,Sautéed Spinach,,,,,,,,,,
,Sautéed Spinach,,,,,,,,,,
,Greek Yogurt with Berries,,,,,,,,,,
,Mixed Bean Salad,,,,,,,,,,
,Greek Yogurt with Berries,,,,,,,,,,
,Sautéed Spinach,,,,,,,,,,
,Mixed Bean Salad,,,,,,,,,,
